Username,label
iwakkopyor,bot
tiuwtiw,bot
ZAMRIEDGN,bot
ragilnugroho1,bot
Abu_shahib16,non bot
JOKOPITOYOO,non bot
AriantoAnt75095,non bot
Rakha_boumi,bot
jangetes,bot
nature69_,non bot
selisihmakna,non bot
aboutmalang_com,bot
Kxatarina,bot
utamigoatmilk,non bot
mulyani_nadine,bot
ImaginarySteady,bot
KompasTV,non bot
jungjaemate,non bot
BudiYon43861466,bot
Zahra_Humairah_,bot
HumasJambi,non bot
ChainsawSimple,bot
SuhairiAmril,non bot
fufufafaaibnas,bot
natajayawijaya,non bot
GardaGun,bot
multalhaq,non bot
Nabi_Urban,bot
dekkuaci,non bot
Quinlan86861876,non bot
ZAqilaraisya,non bot
TeinjiDeWulf,non bot
om_mpo,non bot
DilogoSemo,bot
badjot4,bot
NcangBeni,bot
sari_tar11,bot
Anassp66,bot
redcircle_,non bot
ad1fe441ad7447e,non bot
Hendraw_wan,bot
Siskanirmala16,bot
Widiya_aaa,non bot
SOERYAW4DI,bot
lailanuuzuliyah,bot
NTT_Baomong,non bot
InvestorID,bot
PatrickGuchiano,non bot
peciirengjateng,bot
KATADATAcoid,non bot
holopiscom,non bot
FiselliS,non bot
GifasyaA,non bot
rchltXPSInfoNws,bot
steendam32,bot
JatmikoRifiawan,bot
MartenBani,bot
BeeInsfire,non bot
Me_LiverpoolFC,non bot
DhannyAgus29159,bot
yoogiiss,bot
geloraco,non bot
AmandaOktalia_,bot
kompascom,non bot
TotokTrijanto,bot
Triyendi_,non bot
Adiyusuf24,bot
jendreali,bot
JokoGledek2401,bot
abdullah_yanto,bot
rini_kartini20,bot
juraganpokat,non bot
hnirankara,non bot
VIVAcoid,non bot
piyuuh97,bot
polsek_adimulyo,bot
_Haris_Srg,non bot
Don4tBul4t,bot
Carly_Taw,bot
YashaOki,non bot
legod0965,bot
Rendy130660,bot
zenny_ahmad,bot
hatewe369,bot
kerenlina_lina,non bot
ardandeen,bot
IsyaRenna,bot
mpogolkarbinjai,non bot
catina_iznia,bot
JurnalNews_ID,non bot
merdekaman95111,bot
Ulfah_hhh,non bot
Lusiani09527922,bot
Beritasatu,non bot
detikcom,non bot
derangedtwat,bot
rcrudy24,bot
Adamhziq29,bot
arif_suhari1970,non bot
keyla_meiyantii,bot
mediaindonesia,non bot
CahAngon2068350,bot
cagubnyinyir2,bot
GSI1892507,bot
letsgooooxgo,non bot
Gojeck7,bot
AngginaNiara,non bot
akuratco,non bot
puorjoTV,non bot
Bentir16,bot
0xkingnava,bot
hozhy2,bot
Duren___,bot
banjarmasinpost,non bot
Arfannn1,non bot
selputtt,bot
indotodayid,bot
InfoJogja1,non bot
frengkisin75095,bot
SayaSatpol007,non bot
ayraamira897730,bot
JHPrabowo,bot
sjuliarso1,non bot
wibisonoys,bot
tempodotco,non bot
overheartache,non bot
AsanaAdelina,bot
Jessykayla_,bot
LaToLaToMe,bot
krishnayana95,bot
herulampard,non bot
dannyshidayat,non bot
Halimah22495046,bot
geearasy,non bot
sentanudan,bot
iLovesJongseong,non bot
ApriliaLin,bot
caknur1414,bot
Parhobas273793,bot
Hermant53851153,non bot
Dewimaulida_dd,non bot
Anitafitr,bot
Skolastikawinta,non bot
BFbu88,bot
notonlyrip_,non bot
sekilasterkini,bot
ota_bibar2,bot
sgits1,bot
muhamad_do74302,bot
Nyi_Maheswari,bot
mymaymar,bot
jesselnik,bot
Carbaroxabane,non bot
bbintang30,non bot
Dea_twiterparma,bot
streetw88889292,non bot
yulita_hani,bot
Bagas_sakt,non bot
Bimoabraham1,bot
agent_pin,bot
Adhi_Faiz,non bot
baringin123,non bot
Rahmiaulia_sa,non bot
Ihsan_nnnn,bot
Krisnanto45,bot
QunaiAnajay,non bot
jakpost,non bot
elisrmdhnii,non bot
Pranata12Aldi,non bot
AmaraKirana45,non bot
reprlien,non bot
TongSerdadu45,bot
fahmisptra,bot
AlyaSafira123,bot
JARING_,non bot
bimarmh,bot
ngrhrmdh,bot
amara_lestari3,non bot
Manda7Resti,bot
gitasraii,non bot
AdiSaputr4a,non bot
syzwz,bot
Arifin88544640,non bot
cakgondrongss,bot
abdulraihannn,non bot
HaniAmelinda,non bot
RadioElshinta,non bot
antaranews,non bot
LianiAlya50,non bot
keuangannews_id,non bot
AmandaSophi44,non bot
arm_657,bot
windfall03_,bot
ntvnewsid,non bot
tamy_pratamaa,bot
Arif12Abdul,non bot
joharihara99308,bot
fratamelia,non bot
lensaRTV,non bot
Lenimar_rrr,non bot
Hendri_iiii,non bot
aslama_kiara,bot
mawardinurullah,non bot
cursingword,non bot
Mauwindong_4h4,bot
AyuBlossom1,non bot
pakmul63,bot
ndeso_ganteng,non bot
IrfanSofani,non bot
HafiezSayi92933,bot
rejekikusugih,non bot
dwiputeraa89334,bot
NandiaLika,bot
Bossen20998440,non bot
okezonenews,non bot
AchmadArif71913,bot
Franken_blues,bot
Sir_Rudi08,non bot
kompastvjateng,non bot
hanifraffi32,non bot
reno43467668,non bot
StevanFirman15,non bot
KasanBaret,non bot
goku_itzwokey,non bot
xannn08,non bot
wacanantt12,non bot
penjaga_kampung,bot
LrandraRika,bot
didienAZHAR,bot
awank2017,bot
igundalbo,bot
KodePos_,non bot
ErikS_2601,bot
AndreaShafa,bot
Udinsam_dua,bot
edwin_win17479,bot
Anxphroditeim,non bot
ngopibareng_id,non bot
rikywolf444,bot
asa_rahadi,non bot
WisanggeniLagi,bot
Simanjunta9Nico,bot
JuhanaKosim1,non bot
ImamBaihaqiBai2,non bot
angen79,non bot
alviansyah2_6,bot
CristinFura,non bot
leterus_saka,bot
teaterutankayu,non bot
LFajjar,non bot
KangAnfield8,non bot
Presiden_SUHAIL,non bot
kantahkablutim,non bot
Rajka_aaa,non bot
Renaldi_nho,bot
golkarpedia,non bot
Suhardy27,bot
FirmanSentosa22,non bot
IreneJuni_,bot
tunjungutomo,non bot
FurqanIbr64677,non bot
CahyoAbang,bot
southixre,non bot
koran_ii,non bot
syeikh_fazza,non bot
rose280688,bot
InaBtn,bot
ad_pur1to,non bot
RomitsuT,bot
MitaMit17389076,non bot
loopseey,bot
sur83276,non bot
Rriskand,non bot
Untuk_Pelupa,bot
online_politika,bot
sera_tuyo,non bot
Ayah_angga_,bot
zamagi17,non bot
madritd,non bot
kumparan,non bot
BattoAjax,bot
Marimar_Aauw,non bot
LaingenLisa,non bot
maxwalden_,non bot
samhugget,bot
Zulfalesta,bot
Catatan_ali7,bot
Lembayung071,bot
yossrsro,bot
aikacipung88,bot
gbrieled,non bot
SaktiKH,non bot
urfate__,non bot
dekiikantata,non bot
yangmi3prnew,bot
Raihan_nnnn,non bot
Omayo206,non bot
AnnaYellowHeart,bot
agelmeip,non bot
joekampret1,bot
degnartse,non bot
officialinews_,non bot
ScioCogitoCredo,bot
Bud_Cavalera,non bot
tlabubu,bot
madrid_jkt58,non bot
m1racleishere,non bot
nawacitamedia,non bot
Darma296,bot
nawacitadotco,non bot
otnielpa,non bot
WulanNaya8889,non bot
CNNIndonesia,non bot
ufuffufff,non bot
CsiWahyu,non bot
DynamicFPL,non bot
nawabinekanews,non bot
JosuaLond33540,bot
WartaEkonomi,non bot
KanalDesa,non bot
lania_kiara,bot
ArtiaMara,bot
ulanbatori,bot
AJBJrengUhuui,non bot
tri_nugie,non bot
MondrianOm6762,bot
NiaraAryani,non bot
edelin_zeze,bot
m_try,bot
vannav___,non bot
xkusut,non bot
GrabID,non bot
AmaluddinSSili1,bot
portalinfomase,non bot
ipul_ipulll,non bot
BBCIndonesia,non bot
Dialognews_id,non bot
voilananditya,bot
afrisudedi,non bot
liktono,non bot
proterozo1c,non bot
dedifir30803641,non bot
SulaimanJati1,non bot
Antara_Kalteng,non bot
peanutkacang123,bot
RohiminSamuni,bot
SEAsianLass,bot
NyaiiBubu,non bot
soloposdotcom,non bot
DoodsDuren,non bot
indigo_cumicumi,non bot
web_bogorkita,non bot
aVoiceinCrowd,non bot
KapanLagicom,non bot
henman_yandi,bot
Irpan_rul,non bot
faridaria_ria,bot
Rikaeka_,bot
aliffiazzhr,non bot
RahmahAmel81151,non bot
0ctoberR1,bot
ggranisah,bot
melrhmah,non bot
fajaronline,non bot
SonoraFM92,non bot
rezapin1234,non bot
rie_sang,bot
alvanurgrhaa,non bot
MarahIchsan,non bot
80R35,bot
JoPermadi,non bot
maricakesini,non bot
alfinahmid,non bot
annasyavalenia,non bot
adelinebiancaa,non bot
liputan6dotcom,non bot
AliaaDewi2,non bot
AlmiraZaki41,non bot
rairakasurya,non bot
aliamarshandaa,non bot
wlalvina,non bot
ptrairaa,non bot
hafizdbz,non bot
BellaFelani614,non bot
AlishaKenza,bot
Mustafa53436730,bot
AmaraSalsh43,non bot
ATazania123,non bot
gyuranosaurus,non bot
albarkhair33,non bot
jisnopal,non bot
alinanaminah,non bot
menit_indo,non bot
AdeliaN9_1,non bot
AlmiraDinan09,non bot
AlzenaKhad2,non bot
disaugusting,non bot
abbasabrhm,non bot
DaraBudiman,non bot
youngjaekarta,bot
zathijaudaun,non bot
Wulandari5S,non bot
aishainkaa,non bot
gnossips,non bot
zayanacha,bot
IntanNasari5,non bot
Harry6Pra,non bot
dionstwnn,non bot
Priti8G,non bot
geamlsha,non bot
aksara_putra52,non bot
kmalprtma,non bot
DANAUBERITA,non bot
GalangMaulih,non bot
OSanjaysa,non bot
riadi_usmami,non bot
MJontrot,bot
GalihTikotak,non bot
DilaranaJaye,non bot
SMulachelalu,non bot
fitridwee,non bot
donistdi,non bot
diansptnii,non bot
adestwna,non bot
voicetangguh,non bot
cvdeico,non bot
sariftria,non bot
BincelSpeed,bot
Resti3Wulandari,non bot
Hendrana5Ro,non bot
Julieta6Nasari,non bot
Hendrik66752917,bot
Faiz1Harry,non bot
Suci8Priti,non bot
putrakseyna,non bot
yudhirwn,non bot
ApriliKiarra,non bot
AstutyTutt,non bot
GoStelindo,non bot
pramonno4,bot
AnandaAmal6,bot
aillemamel,non bot
ramadhani_46166,bot
noldylong,non bot
ebe_ganzo,non bot
HendZiddane,bot
Kilat_com,non bot
tedisandra78,non bot
aga_mestika,non bot
AanJuan23733426,bot
arum765451,bot
Diniwah9,bot
NimaSintia,non bot
Nevertarivivi4,non bot
HariSuwondoSug2,non bot
alekda,non bot
Monikanihil,bot
dinoridgid,bot
RickyNe64216845,non bot
kpukabsumbawa,non bot
EdiKeceput2,bot
plnup3pbun,non bot
KSPgoid,non bot
kanimbatulicin,non bot
nisha_ryza,non bot
lapaskediri,non bot
electrizen_bone,non bot
KemensetnegRI,non bot
electrizen_dum,non bot
heralddotID,non bot
electrizen_kph,non bot
Jtzen_MLG5_jago,non bot
1404Stj,bot
tvOneNews,non bot
electrizen_mbr,non bot
ElectrizenSiak,bot
Puspen_TNI,non bot
NegeriSinjai,non bot
bumnpwtjitu,non bot
kalimantan_satu,non bot
CiledugBocah,bot
AxelHalilintaar,bot
JakselElectriz,bot
josephkenedy999,bot
atomichabits31,bot
IvanIvanrt,bot
electrizen_jkb,non bot
electrizen_ksu,non bot
electrizen_jktp,non bot
electrizen_jkr,non bot
Black_Hunter_9,bot
electrizen_tpg,non bot
BumnPmkJitu,non bot
electrizen_tim,non bot
Andra89996910,non bot
electrizen_mnk,non bot
bumn_srby_beda,non bot
Bulog_Sarko,bot
electrizen_mpwh,non bot
herry_zudianto,non bot
sawahanpol10,bot
bumnkndri,non bot
electrizencjr,non bot
AbdulJaya404,bot
jordi_danny,bot
Electrizen_Pbun,bot
BumnKeduHebat,non bot
Bumnjakartaa2,bot
cindy_cendani,bot
uipjbtb74688,bot
dimazirawan53,bot
BUMN_Kaltim_Hbt,non bot
elctrzn_barito,bot
alma_maidah,bot
nuri_yamati,bot
sadiya_humula3,bot
fatia_lita2596,bot
rahmat_hdyt34,bot
abdul_muali18,bot
Electrizenpngg,bot
bulogrengat6,non bot
dianley27,bot
thepajajaranidn,non bot
el_krova,non bot
BUMN_BLMG_Hebat,non bot
SBaigin,bot
BUMNNatunaHebat,non bot
bumnmadiunjitu7,non bot
PrimaVardhana,bot
jkt_inovatif,bot
Electrizen_pare,non bot
rasa2086,bot
electrizen_krny,non bot
Electrizenckp,bot
electrizentegal,non bot
electrizntmgg,non bot
moneytalkidn,non bot
electrizen_byw,non bot
electrizen_pci,non bot
Plners_Atmb,bot
plners_piru,non bot
RiskyOktarina,bot
bumncirebonadil,non bot
pustakampr,non bot
erakinimedia,non bot
Dogelkarya76_82,bot
EnggarJ5,bot
sukiy577,bot
bumnlbkhebat,non bot
bumnsolojituu,non bot
disnakertransss,non bot
MusikKL,non bot
budiwaluyo6366,non bot
93t93s3,non bot
trimis76222147,non bot
electrizen_mrb,non bot
beritajatimcom,non bot
YellowSOG,non bot
BumnPwtSigap,bot
JtzenJagoMalang,bot
ppid_ptasmd,non bot
ptasmd,non bot
kanim_tasik,non bot
bumnjktsiaga,non bot
bumn_mks_kuat1,non bot
KompasData,non bot
hariankompas,non bot
BumnMlg13,non bot
BUMNKrwng_Beda,non bot
mojosc6,bot
bumnmanadohbt,bot
gxjdvh79,bot
bestingirv31,bot
ulsfxel5059,bot
rkanvytae355,bot
everzyone,bot
Electrizen_mlg,non bot
Yayiggg,bot
EldenNadin,non bot
AmaraZoe5,non bot
ArunaKhanza,non bot
Sunshinee2001,non bot
CherinBloom,non bot
Rizkypyk,non bot
Vitavityy1,non bot
helpdesk_masohi,non bot
jamie_over74084,non bot
SampitBUMNHebat,non bot
Masatoe_VIP,bot
KemensosRI,non bot
npytasr,bot
RCTIPlus,non bot
OfficialGTVID,non bot
himahiunpad,non bot
OfficialRCTI,non bot
electrizen_clp,non bot
bulanbiiru,non bot
BUMNRAHAHEBAT,non bot
pt_ppk,non bot
PLNers_Paser,non bot
jayapurajitu,bot
AniSulaeha76658,bot
electrizen_yyk,non bot
ChecheyiiS,bot
waingapuhebat,non bot
ftacenter_jkt,non bot
nyonyayunho94,bot
bumnskwhebat,non bot
pnm_kdr_gagasan,non bot
TelkomIndonesia,non bot
PNM_TLG_GAGASAN,non bot
N21820Garuda,bot
Siwas_Pessel,non bot
BUMNGUSITJITU,non bot
BSSN_RI,non bot
KantahKabKlaten,non bot
pikiran_rakyat,non bot
bumnbwihebat,non bot
Ambon_Inovatif,bot
BUMN_KPSR_Beda,bot
pln_up3bjm,non bot
AndreRiver999,bot
DroneEmpritOffc,non bot
bnnkpontianak,non bot
BUMNJABAR_HEBAT,bot
Bumn_oku_hebat,non bot
wolipop,non bot
Plners_pblgwani,bot
bumnlabatuhebat,bot
Itje157,bot
are_inismyname,bot
Heryadi_007,bot
Jurnalpatroli_,non bot
infiddel,non bot
sudana00,non bot
riekediahp,non bot
b_kondusif,non bot
portal_papua,non bot
Watz1845,bot
k_surakarta,non bot
bumnlahat2021,non bot
bumn_jtghebat,bot
alineadotid,non bot
XHIndonesia,non bot
BUMN_CRBHebat,non bot
Bungohebat123,bot
HebatLampung,non bot
NkriPtpp,bot
bumn_kendari,non bot
rayliraa1,bot
AfniOlivia,bot
puanterbaik_,bot
bulog_lsm,non bot
BUMNLabajoHebat,non bot
JktBUMNHebat,non bot
electrizen_gnms,non bot
bumn_ktb_hebat,bot
BumnJktSigap,bot
karyawannegara,non bot
bumnjitusby,bot
BUMNCirebonBeda,non bot
lapas_jember,non bot
asboediono_id,non bot
bumnbonejitu611,non bot
RizalCania14819,non bot
BumnBermanfaat,non bot
utamanewscom,non bot
bumnplgjitu1,non bot
pantaucom_,non bot
PolsekKelapaDua,non bot
dekade_08,bot
penrem071_wk,bot
amigoamigo69,non bot
Metro_TV,non bot
BontangSkck,non bot
lucasdigitalidn,non bot
Humasbtnunggal,non bot
bnpp_ri,non bot
Starhitsid,non bot
Ipinmuach,bot
serambinews,non bot
orthopaedi_,bot
Electrizen_Lpu,non bot
kempanrb,non bot
Mat16_16,bot
Korem072Pmk,non bot
dewstined,bot
SetwapresRI,non bot
HastoSuprayogo,non bot
weclfare,non bot
PolsekCwgResKNG,bot
official_pipsmg,non bot
multimediatala,bot
POLSEKMMS2022,non bot
so_ritonga,non bot
Rutanbajawa_NTT,non bot
Kemhan_RI,non bot
bareksa,non bot
polsekbinjaiti5,non bot
Polres_simal,non bot
isantoso95,non bot
brimoblpg,non bot
BontangRes38862,bot
Hansunriko,bot
perwanidasby,non bot
bontang_barat,non bot
crewopini,non bot
KsopSusu,non bot
POLSEK_JOHAR,non bot
PBappelitbangda,non bot
mkbetawi,non bot
himawan015,bot
DudiMaguire_76,non bot
KalibagorPolsek,non bot
mailbucinreborn,non bot
koramil07ngp,non bot
Sant_iani,non bot
HSangasanga,non bot
PLN_MCTN,non bot
Mukhtar____,non bot
PolsekPenebel,non bot
camancher2012,bot
BelimbingK77040,non bot
kanalberdikari,non bot
ristanai_,non bot
polsekkutautara,non bot
bmkgwilayah2,non bot
mascacak,non bot
theiconomic,non bot
NewsTasikcom,non bot
Bisniscom,non bot
ipoldotid,non bot
SektorSepatan,non bot
PAMojokerto,non bot
bidhumasaceh,non bot
HaltengPolres,non bot
CisaatKota,non bot
polsekpjb,bot
silogindonesia,non bot
HajiHarryVini,bot
FebrianRama4,non bot
YandiYarut,bot
Polres_SWL,non bot
Polsektenggaro1,non bot
GedebagePolsek,non bot
ps_rebo,bot
detikhot,non bot
titancubsnation,non bot
fpkuinsa,non bot
HumasKotabaru,non bot
HumasPolsekJat2,non bot
PolsekPupuan,non bot
PolsekBaebunta,non bot
boedymade,bot
PpuPolres,non bot
POLSEKTGLL_15,non bot
HumasBaturiti,non bot
HumasCipayung,non bot
HumasPolse41070,bot
inilahdotcom,non bot
polsek_loakulu,non bot
PolisiSerpong,non bot
balipuspanews,non bot
SekNgronggot5,bot
HumasTambelang,non bot
aceh_linge,non bot
Humaspolsekklk,non bot
Polsek_tabanan,non bot
humasresmagetan,non bot
KK_Mediatech,bot
Polsektgrsbrng,non bot
PolisiPalemban3,non bot
sumsel24,non bot
PolsekWilangan9,non bot
PolseksilihNara,non bot
AriTofiana83291,bot
polsekciptimx,bot
Humas_Respasbar,non bot
Polsekwonodadi2,non bot
Polsekcicendo2,non bot
kipdki,non bot
reskrimmahulu,non bot
polressolokkota,non bot
Polres_balangan,non bot
HumasResTernate,non bot
M_PolresBanjar,non bot
PolresKepahiang,non bot
Polsek_Kalmas2,non bot
KapolsekPwt,non bot
bbktm_sek_pkc,bot
PolresBoyolali1,non bot
polsek_clk,non bot
SiwasMahulu01,non bot
LantasKr_asem,bot
Adri33493996,bot
Polsekketol00,non bot
Wendra16609501,non bot
polsekbebesen00,non bot
HPolsekponggok,non bot
PolsekSaw1,bot
poldajateng_,non bot
polsekanggana_,non bot
PolsekArcamanik,non bot
FirmanRiza6,bot
TeguhPujiadi,bot
PolsekBontocani,non bot
polres_pinrang,non bot
PolsekSukodono1,non bot
mwra24,non bot
humas_sekpatrol,non bot
katapang_polsek,non bot
dinokun44938858,bot
Electrizen_bntn,bot
Electrizen_bkls,bot
AgungSundo13965,bot
plners_rknhulu,non bot
inkamadiuntegas,non bot
ElectricSulbar,non bot
LrtInkaTegas,bot
fauzidondon,bot
fauzyeka84,non bot
anonimman137997,bot
CipondohHumas,non bot
Arsad_KR,bot
orideos,bot
delapandua10486,bot
Polusi_udara01,bot
electrizen_boja,non bot
electrizen_rja,non bot
KPU_ID,non bot
pabangkinang,non bot
electrizen_kwg,non bot
elctrizenpalopo,bot
Electrizen_pwk,non bot
BumJitu46979,bot
21_mozza,bot
BUMNMedanSigap,non bot
bumnsmdhebat,bot
KKatnisse,bot
elctrzn_tblong,non bot
BUMN_Ngawi_Beda,non bot
Prayogapratamaa,bot
Bumn_Crbn_Sigap,bot
JuliJuliPu21065,bot
HumasUlin,non bot
kakakyudi3108,non bot
SurabayaMuda,non bot
Patrolihukum301,non bot
kebangsaanbali,bot
rudi_hartono24,bot
matula_cahyu558,bot
Mata_Netizen62,bot
mhmmd_amar9,bot
fawas_khann,bot
shabil_rumi9,bot
ariadne_arin35,bot
electrizen_skt,non bot
DS_yantie,non bot
TubabaHebat,bot
bumnbonehebat,non bot
fufufafa009,bot
kejaripidie,non bot
electrizn_sltg2,non bot
BauBau_Hebat,bot
BarantinRI,non bot
DamailahRI,non bot
_KNPandeglang_,non bot
elec3zenkendal,non bot
Bumnllgjituu,non bot
electrizen_klk,non bot
fahiraidris,non bot
Panggil_Tukang,non bot
pa_dumai,non bot
bawaslukotacrb,non bot
BumnTpi1763,non bot
IndonesiainPNH,non bot
Imade_kun,non bot
torgamba01,bot
Minietweets_,bot
BumnBandung,non bot
urologirsiayani,non bot
pnm_tgl_gagasan,bot
INAinSeoul,non bot
BimaAulama,non bot
jawapos,non bot
gibran_rakaa,bot
komentatorau,non bot
SerSeryazkk,bot
CNNIDdaily,non bot
xoxoxixi999,non bot
FHISIP172393,bot
Haehaaee,non bot
MohamadAzalia,bot
RESarolangun,non bot
indopos_id,non bot
gatauahdark,non bot
ajubaidisy,bot
thejohanreal,non bot
nanakaruhei,non bot
kpuprovsumsel,non bot
kotajakpus,non bot
soundlife_id,non bot
restorasiaceh,bot
k_yo2k,bot
sinpotv,non bot
gurindahhh,bot
kou_chiyo,non bot
lizpenabur,non bot
oliver_143,bot
shiroe245,non bot
aucrum,non bot
adityanugroho_,non bot
yusufmanakarra,bot
bukan_fufufafa_,non bot
kotajakbar,non bot
ImigrasiPO,non bot
KompasKlasika,non bot
ElekesekengBand,bot
timnaskeras,non bot
kosimpe,bot
TexterMARKLEE,non bot
sweectz,non bot
ThePhraseID,non bot
redaksihsb,non bot
gilapersija_2,non bot
witchamore,bot
MediaMPofficial,non bot
asumsico,non bot
1nserttranstv,non bot
benteng_pertiwi,non bot
torang_satu,bot
nashrajumaani,bot
androidtech22,bot
IzRuWeb,non bot
seledingtekell,bot
ketikmedia,non bot
ayobacanews,non bot
beritaKBR,non bot
indo_pol,non bot
neo_k00k33,bot
mamat_305,bot
mrcelinooo_,bot
sugmadiig,non bot
R_min80,non bot
democrazymedia,non bot
SWAMI912757848,bot
Paulita87701822,bot
SagunShahi,bot
sana_dunya,bot
VaniaZerah,bot
mantan_kadrun,bot
NyiMasLomb4150,bot
BangsaNara,bot
suaradotcom,non bot
carminaabalos,non bot
kristinhapsari7,bot
quycvom,bot
KrSamapta,bot
cakrawartacom,non bot
sikum_k25241,bot
TribunJualBeli,non bot
DengRama,bot
VivienOrnella,bot
yunantyo_yas,non bot
iruhan941009,bot
padureso_polsek,non bot
HabibLurus53114,bot
fadliiramadann,non bot
Fountaine30,bot
BeritakanID_com,non bot
endlestlove,non bot
BuanaAndri1,non bot
ainiranuthebest,bot
biroumumkalteng,non bot
membeliwaktu,non bot
SEKPATTALLASANG,non bot
LayananPolricom,non bot
DivHumas_Polri,non bot
AustriainID,non bot
doddyjasman2,non bot
humas_tabes_mks,bot
mariberdisko,non bot
BangPino__,bot
kejariacehutara,non bot
humas_polda_ntt,non bot
lablaweducation,non bot
sidrap_polres,bot
baperanewscom,non bot
larasati473621,bot
konde_co,non bot
mpnIndonesia,bot
ArjunaPriya69,non bot
inpulencer,non bot
nusabalicom,non bot
SyamHr,bot
monitordaycom,non bot
maximilan_angel,bot
Kabar_Tangsel,non bot
sarjono_pi,non bot
RedaksiT648,bot
yunankingstar1,bot
Azpy_ypza,non bot
tilltickler,bot
AmaqSeruni,non bot
GloballandSby,bot
j9012272,bot
7evenClothes,non bot
RonaJateng5,non bot
gustavssondhela,bot
FelixSGL1,non bot
TirtoID,non bot
alam_firdaus69,bot
BkadSulsel,non bot
dbmjatim ,non bot
Alina10211708,non bot
Harian_Jogja,non bot
infobnn_jaksel,non bot
fitri_hndynii09,bot
kangdede78,non bot
KPUPangandaran,non bot
Bejongawi,non bot
BeritaT28156904,non bot
tintamayaa,non bot
ale_keling,non bot
radarnkri306,non bot
rupbasanjogja,non bot
masbro958,bot
imigrasi_jambi,bot
duoribuduoampek,bot
kejarisukamara_,non bot
LemhannasRI,non bot
Kab_GenZ,bot
KantahJombang,non bot
radarjombang,non bot
asinyobeceng,bot
fanofaespa_,non bot
sangpengusahax,bot
HerryAchmad81,non bot
IdHeadlines,non bot
DekDoctor,bot
PR_Kuningan,non bot
0xtiber,non bot
pemprov_lampung,non bot
ZuliHendriyanto,non bot
KantahKabBangli,non bot
harkatmartabak,bot
Fatimah81819162,bot
Urpin168,non bot
Ndons_Back,non bot
melosky_83,non bot
BudhyNurgianto,non bot
keckalaena_,non bot
Deslini2,bot
mutia_raaaaa,non bot
HurriKoRn,non bot
sumpanto,bot
TheUncleDee,non bot
kejarijayapura,non bot
KantahTanahLaut,non bot
Mondescoid,bot
Jarangpulangsi1,non bot
bobo2ah,non bot
xiyader,bot
FurqonGood,non bot
monumenpers,non bot
Momonsimomon,non bot
InfoSOLSEL,non bot
Siputty1,bot
txtfromIR,non bot
Ririn_Rizky,bot
JaketKulitLover,non bot
S0BlIN,bot
Rizwariryb,bot
emilefirson,non bot
Cuyarevk,bot
sinau2024,non bot
mipneral,non bot
H4T14K4LN4L42,bot
Lapas_Lahat,non bot
KejariSambas,non bot
KejariMagetan,non bot
direktoratsmp,non bot
ramadh4n_joni,non bot
TSalaksa,non bot
info_bnnpkalbar,non bot
KejariBolmut,non bot
Yadhi09,bot
cakra_wangsaa,bot
daulatrakyatcom,non bot
FirzaHusa,non bot
Dispersipklaten,non bot
DuniaBumn,non bot
V3g3L,non bot
kpubanten,non bot
ErwinUni20704,bot
danial_rummy,non bot
DiskursusNet,non bot
ptwikagedungID,non bot
dishub_sulsel,non bot
MediaVoi,non bot
saidiman,non bot
SinarDunia2024,bot
Kota_Tangerang,non bot
ksopkalianget,non bot
luvlypaji,non bot
DisnakerindTala,non bot
mirhan_sandy,non bot
argumen_id,non bot
Slashyujii,bot
idntalk_com,non bot
DeliSerdang_Kab,non bot
rup_pekalongan,non bot
RSUD_KUDUS,non bot
fransisca_ning,bot
suarninyelak,non bot
YulPetet,non bot
radarjabar_id,non bot
BalamPost,non bot
AlfredoAli15,non bot
NomadicApe,bot
IMAkutitok69,non bot
CobaDikenal,bot
kanreg10bkn,non bot
KantahKabBantul,non bot
Sima1Syaifuddin,bot
agus_nepster,non bot
gimajiya,bot
prokompkotatng,non bot
bappedajabar,non bot
radarmadiunweb,non bot
NdoeL_2011,non bot
Helmi1038270,bot
derikcool,bot
inidataid_,non bot
AdamsBecky_7,non bot
lapas_binjai,non bot
LantasProb,non bot
Natashya95,bot
lapaskayuagung,non bot
Kejari_Landak,non bot
infoahlulbait,non bot
BPTD_Bengkulu,non bot
imambukhori_79,non bot
caseykatezplaza,non bot
reza_63,non bot
Cutes_Zee,non bot
26Desri,bot
UrbanCitypro_,non bot
pumopumi1,non bot
kemenkopmRI,bot
bps_kab_rembang,non bot
garudatvnews,non bot
Lapasmuarateweh,non bot
RupbasanWates,non bot
KpuPamekasan,non bot
NevaehJose52450,bot
AswhyL,non bot
voaindonesia,non bot
TABLOIDNUS76250,bot
tatisamhadi,non bot
Subhkan5,bot
DediUak,bot
AHYB4NGK1T,bot
Jerit_Rakyat,bot
BelaNKRI17,non bot
ekonomi_bwi,non bot
pemprov_gtlo,non bot
kejatiriau_,non bot
rupbasan1bjm,non bot
wjtodaycom,non bot
ChristineW98378,bot
Sillyiliy,non bot
ForRezim,bot
Kemdikdasmen,non bot
Aryalmahib,bot
LAN_RI,non bot
nurhidayatsardi,non bot
gsn_id_official,bot
kimmrois,non bot
gus_shs,non bot
KemenkeuRI,non bot
defnaputra_id,non bot
mm_munif,non bot
LunarGosh,bot
AntaraData,non bot
Black4715Id,non bot
bpomsanggau,non bot
Gonzalesgozin46,bot
purwodarminto_s,bot
menuju_2024,bot
noviiii_pi,non bot
prabu_yudistyra,non bot
pametro24,bot
Mobil123ID,non bot
PaSemarang,non bot
Humas_Spr,bot
sabrinaaulina0,non bot
daily_kaltim,non bot
matapadma,non bot
diskopmks,non bot
Rocky____2023,non bot
indagjabar,non bot
AboutSemarangID,non bot
djppkemenkum,non bot
chochofairy__,non bot
man_tipsy,bot
Ars_sand,non bot
ardiDoremifa,bot
Ghost___doctor,bot
Popularitascom,bot
KPohuwato,non bot
OdriSeva,bot
AbahkuGunawan,non bot
kawitah79,non bot
kejaribangka,non bot
Papahnakal3,non bot
dprdprov_sulsel,non bot
saatnyasambat,non bot
tribunnewswiki,non bot
Covit2020,non bot
baronben_,non bot
ProboJoyo,bot
2024_anies62406,bot
consulting_sf,non bot
beritabaru2024,bot
prof_yassierli,bot
IraLaura25,non bot
JackHaryono,non bot
D3w4P3r4ng3535,bot
KNBantaeng,non bot
apaantuhwoyyy,non bot
FatraIncs,bot
OposisiLieur,non bot
Luvbynum,bot
alexander19th,non bot
peesi0888,bot
chandraLaras22,bot
bkdprovjateng,non bot
g4b0ng0ku73,bot
Nobody_2811,bot
berita_dragbike,bot
kppntgpinang,non bot
1nfoPemerintah,non bot
IdChannel9,non bot
tribunkaltim,non bot
Ryogartshop1,non bot
kantahmuarojmbi,non bot
nizamathalla18,non bot
seketikanet,bot
Rumizolai,non bot
RiantiAyu18,bot
SmithAmand58472,bot
radarsumbarcom,non bot
smsperkasa,non bot
S4N_W1B1,non bot
TransportasiRI,non bot
otomoyotoM,bot
JakartaDaily_X,non bot
airlangga_hrt,non bot
kantahkabpml,non bot
didik_bung1,bot
antmegapolitan,non bot
infocikarangid,non bot
KutaiNegeri,non bot
inikamindonesia,non bot
dprdjatengprov,non bot
tami_wijaynti,bot
DPMPTSPPonorogo,bot
SatuNusantara3,non bot
Riann77417306,non bot
ChristinaV49998,non bot
jondiljonson,non bot
bengkeldodo,non bot
giannakamala,bot
POS88_OFFICIAL,bot
kecsmgutara,non bot
BawasluTts,non bot
kpurotendao,non bot
Kanim_wonosobo,non bot
JessicaDewi20,non bot
radargresik,non bot
dinsossulsel,bot
rmol_id,non bot
humas_lateti,non bot
Inayah_PBW,non bot
PawangBanteng,non bot
bpsmojokerto,non bot
cifaguya,bot
yusyusandi6,non bot
ebonXboy,bot
TRAWL_id,non bot
BkpsdmSurakarta,non bot
RakyatNgenez,bot
TegarPamun41961,bot
99propaganda,bot
dewimajid4,bot
raygenism,non bot
PALTV_42,non bot
indonews_xyz,non bot
Outlander3131,bot
ProkompimMesuji,non bot
Kejari_Acehjaya,non bot
TheMedia_an,bot
kalbarprovgoid,non bot
Anie_Kurniawati,bot
CCHSAthletic1,bot
kpu_sultra,non bot
humasjateng,non bot
ErwinSalis86420,non bot
disnakkaltim,non bot
bpsplpontianak,non bot
piuswidi,bot
YuniMarisa1,bot
rw74970,bot
pms_bf,non bot
SumselKejati,bot
KantahKotaMedan,non bot
Fajar_Mula,non bot
_justmukti,non bot
RadioSmartFM,non bot
tono14045,bot
Dafirevk,bot
LarissaGoldGirl,bot
Daferavk,bot
dilanhaufal,non bot
DQiandra6,bot
CandraLepi,non bot
krisongkhla,non bot
Ayy_GR12,bot
CallieMein99183,bot
ppn_tgpandan,non bot
kalderanews,bot
humaskejatisu,non bot
m_radarnew,non bot
Wan_2045,non bot
pengusahacanti1,non bot
infobanknews,non bot
WargaBicara_,non bot
New_Fear370,non bot
ud24185000,non bot
DianPanteraaa,non bot
osdm_kemenperin,non bot
BSiborunai14969,non bot
Negaramowototo,bot
BawasluBukitti2,non bot
EKAPRA014,bot
iamindrimut,bot
EfendiYanto,non bot
pramudo,non bot
lpmuarabulian,non bot
twococolate1,bot
MoniqueMas47700,non bot
rslabuangbaji,non bot
zrep2024,bot
ResMadiunKota,non bot
Martinluth91,non bot
KominfoMesuji,non bot
malut_kumham,non bot
TrioKwekKwek555,bot
bondanwicaksono,non bot
pendim0731,non bot
JatimPemprov,non bot
KejariTTS,non bot
cabacaapp,non bot
KSafaritours,non bot
kantahkotasmg,non bot
PERKIMTANSULSEL,non bot
Faktacom_,non bot
RSADwirabhakti,non bot
AccaAnjani,bot
juragankripto99,bot
txtdrsimiskin,bot
langitbyruu,non bot
Jennife83085830,bot
bangpoerslalu,bot
lautan77_,non bot
kejariwajo,non bot
AgungLa03498428,bot
sebayu_94FM,non bot
FemiliaEva6,bot
GusSiradz,non bot
uppsusoh1,non bot
kempiscom,bot
ChrisWibisana,non bot
SemutMerah2024,bot
EICom2023,non bot
Kamto97182089,bot
Inocantiksekali,bot
pdredator,non bot
bpskabblora,non bot
ptapekanbaru,non bot
kpukabpasuruann,non bot
kpusungaipenuh,non bot
SenoNunky,bot
PasTIGAma2024,bot
sonia_zuu,non bot
B311la,non bot
gemaposID,non bot
RSJSoedjarwadi,non bot
theovertureofme,bot
sdmpoldariau,non bot
nanMudo,non bot
seijisuzuki6,non bot
Ofc_Marak,non bot
KPUsumbatengah,non bot
hendrowijonarko,non bot
galang_dwiwana,bot
lumajang_kab,non bot
BijakBuzzer,bot
idnws_com,non bot
shaljuy,non bot
bps_deliserdang,non bot
indonesia_kisah,non bot
jojoe_gaza,non bot
djpbntt,non bot
IDGS_Community,non bot
KPU_Boyolali,non bot
detik_edu,non bot
Jojobetako2,bot
dlhsurakarta,non bot
FederasiRnpo,bot
chinchinits1,non bot
Kemenkumham_Jtm,non bot
SeputariNews,non bot
maliqmos,non bot
sr_yudo,non bot
nokian83,non bot
officialMKRI,non bot
SangLangit01,non bot
DitjenAnggaran,non bot
IndonesiaCrowd,non bot
Kumham_Sultra,non bot
dpmptsp_kaltim,non bot
abahgmus,bot
TechinAsia_ID,non bot
RALeather,non bot
dukcapilklaten1,non bot
DuniaFauna1000,bot
skyundocean,non bot
bukamata18,non bot
kejati_papua,non bot
KemenPU,non bot
Sarinah_jh,non bot
SiOtakDungu,non bot
aula_media,non bot
juliespean44574,non bot
pemkotbekasi,non bot
kbrikualalumpur,non bot
SmartFM_Manado,non bot
Heri_breuwox,non bot
updatebalii,non bot
DesaBungko,non bot
lampungpost_,bot
bungapukulempat,non bot
pemkabekasi,non bot
bknmakassar,non bot
Humasressanggau,non bot
piotr_smieszek,non bot
mukminuncom,non bot
Ann_Gwynetha,bot
Ordinar39570489,bot
UsangJelihim,bot
kompasiana,non bot
R19cakra,bot
ruparuparupawan,bot
KissMyASsdud3,non bot
syalikadima,bot
Pitra_PAR,non bot
loker_subsdagre,non bot
barvitone,non bot
rif_qyki,bot
Taliajipangestu,non bot
pintasandotco,non bot
kppnwatampone,non bot
yaniarsim,bot
KPUKotaMedan,bot
bidwin88,non bot
carolinadrocha,non bot
kejariacehbesar,non bot
PonorogoKab,non bot
andra34817934,bot
HMaxmara,non bot
bank_indonesia,non bot
adepermadani1,non bot
Si_R4jBonk,bot
OrangutanIKN,bot
CapilMglKota,non bot
SRampoe,bot
OrpegJateng,non bot
suaramerdeka,non bot
AtayaPranaya2,non bot
naoxreii,non bot
arinadotid,non bot
johnsinagabonor,non bot
kpu_tomohon,non bot
Habakkuk2024,bot
opinikampus_com,non bot
PolresBanjar,non bot
bpkrijateng,non bot
kominfoLebong,non bot
NazarRizky17,bot
InfrastrukturRI,non bot
lpp_palembang,non bot
Ninaang06470572,bot
harryccpatty,bot
PaPadangPanjang,non bot
ArifSubagiyo2,non bot
dw_indonesia,non bot
AfiyahKamila7,bot
klis__,non bot
BeeetheBoss,non bot
DenpasarKota,non bot
kb_ntb,non bot
bjopass17,bot
trendingtopik01,bot
thejakartaglobe,non bot
miasmagame,bot
kantahkota_tpi,non bot
praenkeren,non bot
SutanSantuy,bot
bpkrisumsel,non bot
doer_AlX,bot
LaMappapenning,bot
kejari_abdya,non bot
FSPMI_KSPI,non bot
alltheworldssea,bot
Hasbil_Lbs,bot
e100ss,non bot
humassekkarto,non bot
recehtapisayng,non bot
bedastatus,non bot
ciranayy,bot
KejariPoso,non bot
CocoBottol,non bot
elyfit1531,non bot
JohnnyBidong,bot
jffnntry,bot
LailyShey,bot
Golkar2024,non bot
Mili_Indonesia,non bot
AidilMadzi,bot
KhaidirJakob,non bot
asyifasalbi,non bot
hmm_yummii,bot
OjolNyambi,bot
rudenim_bpp,bot
NovarioP,bot
Dapurngebul00,bot
DanendraAbqori,non bot
ureungpungoo,bot
AmaliaWinn79269,bot
KominfoPulpis,non bot
jdihkebumen,non bot
BinmasSamosir,non bot
MGEIOfficial,non bot
amtvNU,non bot
Oktaviana9111,non bot
Ifundvm04,bot
AntangRajah,non bot
triwahyuutama15,non bot
wajah_baruitu,non bot
WatchPms,non bot
cupenk02,non bot
DataZakee,bot
spills_media,non bot
bwrkahrwmadhan,non bot
lapas2acibinong,non bot
mcyazid,non bot
adimawardi21,non bot
kpukabkupang_,non bot
Nadsaf63,bot
cemaranusantara,bot
Almunai78,non bot
LinggaNegeri,non bot
Alesia89687164,non bot
Capilsergai2024,bot
readMeAja,non bot
CoffeOppaceo,non bot
Wahyuoey225224,bot
Rakyat6dua,non bot
Ahsya_Ahmad,non bot
Christi55420561,non bot
InfoPublikIP,non bot
deberita_com,bot
ListyoSigitP,non bot
__LOVE_AG4EVER,non bot
PngAdilnR4kyt,bot
HaneutM,non bot
In_drael,non bot
infovalidd,bot
JavanicaPost,bot
vuvuv4v4,bot
BawasluGtlo,non bot
ppid_purwakarta,non bot
PManguharjo,non bot
rereku2108,non bot
PolsekGamping_,non bot
kapten32081,non bot
BegayePontianak,non bot
bagorg_pemalang,non bot
CurupHumas,non bot
cettaenglish,non bot
indozonemedia,non bot
BKKBNofficial,non bot
DLHKPROVSULSEL,non bot
wukuf002,non bot
D4rur4tPol1t1k_,bot
aljnoobtyu,non bot
majalahSM,non bot
kpukablamut,non bot
cara__belli,bot
AsosiasiVendor,non bot
sinjaikab,non bot
ohwin_da,bot
kabarnegri_,non bot
Kejaritjpinang,non bot
Gavutturu,bot
OposisiCerdas,non bot
balipostcom,non bot
finindonesia,non bot
hendratno64,non bot
ItdaBrebes,non bot
Zay34562,non bot
Djarum_Penthul,bot
siBungTon,bot
prokopimkablmg,non bot
detikjabar_,non bot
NarasiNewsroom,non bot
BiruBir26073179,non bot
biroadpimjabar,non bot
ventdhie,bot
BapasPalembang,non bot
KPKNLcirebon,non bot
validnewsid,non bot
bppsdm_kp,non bot
Kadirgagah87,bot
Silahkandiblok,non bot
Boboy0168,non bot
jupriadimz7,bot
prajawibawalam1,non bot
barisansopan,non bot
bekilaivk,bot
Devon90517815,non bot
PemkabSidrap_,non bot
Kemendag,non bot
IDNTimesBanten,non bot
Aditlasri3,non bot
DispusipdaJabar,non bot
Saxeravk,bot
ybudi55,non bot
KodamKasuari,non bot
pemkabasahan,non bot
kisah_nusantara,bot
inang_hasiholan,bot
jakuliyase,bot
uptheposhi,bot
djpt_kkp,non bot
sumsel_maju,non bot
AtiqahFahrina,non bot
KukuJempolKaki,non bot
kanim_semarang,non bot
LapasWanitaGtlo,non bot
jjjjjjjjsj,non bot
AdipatiLanang,non bot
garrytengker,non bot
Dp3a_ProvSulsel,bot
AkalSehat2024,bot
izmayanti875,bot
rudenim_pku,non bot
officialdppkb,non bot
dispendukabmlg,non bot
KN_Klungkung,non bot
165Hati,bot
ryorossi4689,non bot
bpsprovjateng,non bot
jane_rahimah99,bot
M3diatube,non bot
KejaksaanRI,non bot
PerekonomianRI,non bot
Ipoengdjalal1,bot
analiticacpns,bot
ke_gemini22020,bot
AlanOnniu,bot
PrabumulihKpu,non bot
lab45_,non bot
dishut_jabar,non bot
mpocash_co,non bot
BloombergTZ,non bot
keuangan_,non bot
JaketKulit_RA,non bot
banten_pemprov,non bot
BANGSAygSUJUD,bot
MandiriBerkah99,bot
Merdeka4545,non bot
BL3H0_212,bot
ichaswe,non bot
kantahdenpasar,non bot
cerawevk,bot
Kejari_Lebak,non bot
callmegendhiiis,non bot
iot_as54321,bot
PPID_RSUDKUDUS,non bot
gkakrilik,non bot
ExposeKaltim,bot
hadramoutindoo,non bot
Sasmo_kliwon,non bot
CumanSimpatisan,non bot
SulselInfoNet,bot
DanicaShan3,bot
i_bersatu,bot
nimas31,bot
JJhonpres,bot
Dhanidjafar,non bot
NurRohi03920969,non bot
KantahKabPkl,non bot
medialangitku,bot
indrachaniago88,non bot
bening_mis,non bot
rina_lstari,bot
taufik_q,non bot
biropemsulsel,non bot
sushiitr4shh,non bot
Mdy_Asmara1701,non bot
brandi_pri77243,bot
mugab921,non bot
bawaslukabtasik,non bot
flyingjellyfis,non bot
_bsutanto,non bot
kpusampang49,non bot
masskasepp,bot
kominfobuteng,non bot
infokawan18,bot
itdapati,non bot
azmi_azmiagro1,bot
BiroAdbang,non bot
lasimdo68763,bot
KpuBatubara,non bot
disnav_kupang,non bot
klikwarta_com,bot
bindabluk,non bot
Ni_kaylaRaya1,bot
Hialshaiba,bot
Alitt4mb3ng,bot
KominfoKotaTSM,non bot
faktualid_com,non bot
BumnTegas,non bot
DiditGanteng91,non bot
KanwilBPNKalbar,non bot
Jakasamudera123,non bot
utamimay77,bot
YuniAkhira,bot
gamiyate,bot
juli_sma53,non bot
Amykhaila,non bot
TajamNewsCom,non bot
kompasmuda,non bot
aan_media,non bot
himabaraupi,non bot
Andrie80079584,non bot
kejaribatu,non bot
MandyJones31548,bot
sunflower_mil,bot
Bagindo_Radjo,bot
lapas4lawang,bot
bphl_9,non bot
hypevox_id,non bot
MuhHusniMubarok,non bot
matchacorp,non bot
Yuspek5,bot
BeBuzzerNKRI,bot
NiagaAsia17,bot
giayouri,bot
agni_brataa,bot
pendekarkocak,non bot
bbihpmm,non bot
haluanharian,non bot
bratz_7,non bot
Coki185407,bot
pasubangdix,non bot
RinggoJadz,non bot
embah72,bot
picka2goodgirl,non bot
Cabjari_Labdel,non bot
HendroBatuayau,non bot
gugumridho88,non bot
the_indonesian,non bot
setkabgoid,non bot
PemKabTangerang,non bot
abadikinicom,non bot
LapasSurulangun,bot
PemprovPapua,non bot
RUPBASAN_BANTUL,non bot
SinarOnline,non bot
freethink32,non bot
attentizon,bot
bahubda,non bot
disbun_jabar,non bot
kayakiqbal,bot
humas_smd,bot
sabadesa87,non bot
aLy_benzema11,bot
informasicom,non bot
ENS53311139,bot
Lapas_Amuntai,non bot
joe_pride888,bot
Liwaul27,bot
p3ebalinusra,non bot
uppamurang,non bot
DPMPTSPJateng,non bot
IDNTimes,non bot
Cajaripalingkau,non bot
kucingoyent,bot
omongkosong404,non bot
CongKene_doewa,bot
wonglicik062,bot
IwanKur76179751,non bot
5TEVENS0N,non bot
pusdakabmalang,non bot
Berlian_2450,non bot
LifeTomorow,bot
fpkskuningan,non bot
gondrongugun,bot
MardiSiswoyo15,non bot
PemkabAcehtimur,non bot
azuhimasha90,non bot
maryshelparaiso,non bot
KPU_Karangasem,non bot
Kantahkotapkp,non bot
smpantura,non bot
ditjenpptr,bot
inspektorat_jtg,non bot
mc_prov_aceh,non bot
DPMPTSPKabAgam,non bot
sumutco,non bot
phoenixx1_,bot
DipaDuaLima,non bot
MataNajwa,non bot
Riau1Official,non bot
sondangsway,non bot
PAUDDikdasmen,non bot
JalilBasyah,bot
polsek_binjai,non bot
IndoDefence,non bot
impiindonesia,bot
WikiDPR1,non bot
ferryupdate,non bot
BabelKejati,non bot
kantah_kotabaru,non bot
diajengnabilax,non bot
SanjayKusnaidi,non bot
Menyala_susuku,bot
travis_moh,non bot
June_dya77,bot
agenraffi777,bot
bkpm,non bot
Ardityo46,non bot
ImigrasiBJM_,non bot
catchmeupco,non bot
cabjarisemarang,non bot
tang__kira,non bot
0xxPicknappa,non bot
Kodimjakut,non bot
endang_yl,non bot
Muslim_AntiPKI9,bot
Hongsuitot0,bot
dedenx269,non bot
BakaDono633055,bot
Ilustrator23,non bot
gawohdotcom,non bot
BKFKemenkeu,non bot
Kejari_lamteng,non bot
DanielHutaurukk,non bot
imigrasi_trk,non bot
Timurtengah_id,bot
KejariMinsel,non bot
franspakanan,bot
detikfinance,non bot
Sw4r4Ke4dil4n__,bot
LoveToleransi,bot
RcyberProj0,bot
DNK_TV,non bot
RioOchou,bot
xineibn,bot
Vikadila31,bot
WastuPrabowo,bot
Berasedvk,bot
loketpaytren2,non bot
aryanidepi,bot
derryakbr,non bot
bilavcika,bot
bnnkbaritokuala,non bot
GNFI,non bot
LembahArfak,bot
Redaksi_5News,non bot
Cinta_Trotoar,non bot
JPenentu70267,bot
gavin_permana,bot
masaryaduta,non bot
MerahPutih2024,bot
Firayamim,bot
fenewsid,non bot
DiskominfoPWK,non bot
omjeck007,bot
pesanstempel,non bot
fungame777,non bot
dekdeaayuk,bot
HarimanAz,non bot
ANTARAJatim_,non bot
AmandaSayasane4,non bot
aboutthree_m,non bot
djpl_ksopsmq,non bot
Rian__Az,bot
HanjarAgung,non bot
This_a_this_u,non bot
karana0132275,bot
Bicaasaaal,bot
Biilly83,bot
bolabetdewa,bot
gemblong_cklt,non bot
GotoMimin117,bot
Simalika15,bot
WGreborn,bot
pusdajatim,non bot
antony_gutheng,non bot
abi_ngah,non bot
Kemenag_DIY,non bot
dpmptspclp,non bot
dpmptsp_ptk,non bot
okaclio,non bot
KEJARISAMARINDA,non bot
ptsptegalkota,non bot
dermanjanner,non bot
JDIH_Pontianak,non bot
rutanbaturaja,non bot
glohsyi,non bot
LPLubuklinggau,non bot
baangor,non bot
yanisekrop,bot
jogun8302002,non bot
941salsabilafm,non bot
popjasaofficial,non bot
Ajuansyah_putra,non bot
Nusatmr,non bot
akuteguh5,bot
VisiIntegritas,non bot
JanuarAnni63084,non bot
Titik__R,non bot
MishelAbdul,non bot
uppsangkulirang,bot
Intan_Baswedan,bot
KecamatanR,non bot
andiekasaputr,bot
MerajutSukma525,non bot
golbachgoals,bot
ItjenKementan,non bot
RutanSamarinda,non bot
bpombanyumas,non bot
MuhammaRyan94,non bot
JulieMewengkan,non bot
lizalinda17,non bot
kenvofv,non bot
Bobfals11,non bot
afzaholic,non bot
Supriyo14662233,non bot
PGA12345677889,bot
dodi_josh,non bot
xpuffers,non bot
CakCokCakCok,bot
chaefilmsc,bot
lpkabatam,non bot
doblang_08,non bot
BagianK52393,bot
nurudinwriter,non bot
ririn101182,bot
GrizelleJovank4,bot
djok2024,bot
valensgt,bot
rutanlusika,non bot
ProkopimKabBdg,non bot
bapaskutacane,non bot
a_doni95,bot
ryokosuzuki0720,non bot
NasionalBerita_,bot
paudpedia,non bot
DitjenPK,non bot
flashindo_yk,non bot
ZiqriZiqri60102,bot
IDNTimesNTB,non bot
dapurdaily,non bot
saerozi63,non bot
BangKandar79859,bot
TOM5helby,bot
haloindonesia88,non bot
CuevasKelt65317,bot
ANTARABengkulu,non bot
BeYumoi,bot
kemenagska,non bot
tropmeducation,non bot
StrayKids_LK,bot
diveyoo,bot
RioSolehuddin,non bot
tribunpontianak,non bot
NusantaraNow_id,bot
aMbaR_juNtak,non bot
doremindo,non bot
yosie27,non bot
scsuroso,non bot
barround70,bot
jasmine_putri00,bot
batang_update,non bot
KominfoPemalang,non bot
kpukotametro,non bot
HaninMayang,bot
DRainbow24,bot
Cassan_KJP,bot
